{"stats":{"minecraft:crafted":{"minecraft:oak_planks":8,"minecraft:crafting_table":1,"minecraft:stick":4,"minecraft:wooden_pickaxe":1,"minecraft:stone_pickaxe":1,"minecraft:birch_planks":4},"minecraft:dropped":{"minecraft:bread":2,"minecraft:raw_copper":10,"minecraft:diamond":1,"minecraft:rotten_flesh":1,"minecraft:wooden_pickaxe":1},"minecraft:mined":{"minecraft:iron_ore":27,"minecraft:deepslate_lapis_ore":2,"minecraft:granite":1,"minecraft:coal_ore":3,"minecraft:pointed_dripstone":7,"minecraft:oak_log":2,"minecraft:deepslate_iron_ore":15,"minecraft:rail":26,"minecraft:dirt":1,"minecraft:copper_ore":2,"minecraft:lapis_ore":1,"minecraft:stone":23},"minecraft:killed":{"minecraft:skeleton":1,"minecraft:zombie":2,"minecraft:spider":1,"minecraft:player":1},"minecraft:killed_by":{"minecraft:player":1},"minecraft:custom":{"minecraft:time_since_rest":13279,"minecraft:sprint_one_cm":57516,"minecraft:walk_one_cm":49014,"minecraft:damage_taken":543,"minecraft:damage_absorbed":40,"minecraft:mob_kills":4,"minecraft:drop":15,"minecraft:damage_dealt":991,"minecraft:swim_one_cm":1131,"minecraft:interact_with_crafting_table":2,"minecraft:fly_one_cm":42061,"minecraft:player_kills":1,"minecraft:crouch_one_cm":539,"minecraft:play_time":15702,"minecraft:deaths":1,"minecraft:sneak_time":185,"minecraft:walk_under_water_one_cm":517,"minecraft:jump":237,"minecraft:leave_game":1,"minecraft:time_since_death":13247,"minecraft:walk_on_water_one_cm":395,"minecraft:total_world_time":15702,"minecraft:fall_one_cm":8821},"minecraft:picked_up":{"minecraft:birch_log":1,"minecraft:raw_iron":41,"minecraft:torch":1,"minecraft:oak_log":4,"minecraft:pointed_dripstone":9,"minecraft:lapis_lazuli":14,"minecraft:dirt":18,"minecraft:raw_copper":10,"minecraft:bone":1,"minecraft:arrow":2,"minecraft:rotten_flesh":1,"minecraft:diamond":1,"minecraft:granite":1,"minecraft:mutton":2,"minecraft:oak_planks":6,"minecraft:coal":3,"minecraft:rail":24,"minecraft:white_wool":2,"minecraft:cobblestone":31},"minecraft:used":{"farmersdelight:skillet":13,"minecraft:bread":2,"minecraft:stone_pickaxe":104,"minecraft:wooden_pickaxe":6,"minecraft:torch":5,"minecraft:golden_apple":1,"minecraft:dirt":18,"minecraft:mutton":2,"minecraft:crafting_table":1,"minecraft:granite":1}},"DataVersion":3465}