{"stats":{"minecraft:mined":{"minecraft:oak_log":1},"minecraft:killed":{"minecraft:player":1},"minecraft:killed_by":{"minecraft:player":1},"minecraft:custom":{"minecraft:time_since_rest":1279,"minecraft:deaths":1,"minecraft:play_time":3702,"minecraft:sprint_one_cm":9454,"minecraft:damage_taken":348,"minecraft:walk_one_cm":8256,"minecraft:walk_under_water_one_cm":517,"minecraft:jump":47,"minecraft:damage_dealt":114,"minecraft:leave_game":1,"minecraft:walk_on_water_one_cm":395,"minecraft:time_since_death":1247,"minecraft:total_world_time":3702,"minecraft:player_kills":1,"minecraft:swim_one_cm":1131,"minecraft:fly_one_cm":6431,"minecraft:fall_one_cm":879},"minecraft:picked_up":{"minecraft:birch_log":1,"minecraft:oak_log":3,"minecraft:mutton":2,"minecraft:dirt":17,"minecraft:white_wool":2},"minecraft:used":{"minecraft:mutton":2}},"DataVersion":3465}