{"stats":{"minecraft:crafted":{"minecraft:oak_planks":8,"minecraft:crafting_table":2,"minecraft:iron_helmet":1,"minecraft:wooden_pickaxe":1,"minecraft:iron_sword":1,"minecraft:furnace":1,"minecraft:birch_planks":4,"minecraft:air":0,"minecraft:iron_chestplate":1,"minecraft:white_wool":1,"minecraft:iron_boots":1,"minecraft:stick":8,"minecraft:iron_ingot":29,"minecraft:iron_pickaxe":1,"minecraft:stone_pickaxe":1,"minecraft:iron_leggings":1,"minecraft:white_bed":1},"minecraft:dropped":{"minecraft:bread":2,"minecraft:raw_copper":10,"minecraft:diamond":1,"minecraft:rotten_flesh":1,"minecraft:wooden_pickaxe":1,"minecraft:stone_pickaxe":2},"minecraft:mined":{"minecraft:deepslate_redstone_ore":9,"minecraft:large_amethyst_bud":1,"minecraft:tuff":8,"minecraft:white_bed":1,"minecraft:amethyst_cluster":2,"minecraft:crafting_table":1,"minecraft:granite":1,"minecraft:copper_ore":2,"minecraft:cobblestone":5,"minecraft:lapis_ore":1,"minecraft:spawner":2,"minecraft:redstone_ore":3,"minecraft:furnace":1,"minecraft:iron_ore":36,"minecraft:cobbled_deepslate":2,"minecraft:deepslate_lapis_ore":2,"minecraft:small_amethyst_bud":2,"minecraft:oak_log":2,"minecraft:pointed_dripstone":7,"minecraft:coal_ore":3,"minecraft:deepslate_iron_ore":38,"minecraft:rail":26,"minecraft:dirt":1,"minecraft:cobweb":28,"minecraft:stone":23,"minecraft:deepslate":25},"minecraft:killed":{"minecraft:cave_spider":1,"minecraft:spider":1,"minecraft:skeleton":4,"minecraft:zombie":3,"minecraft:player":1},"minecraft:killed_by":{"minecraft:player":1},"minecraft:custom":{"minecraft:interact_with_furnace":15,"minecraft:mob_kills":9,"minecraft:interact_with_crafting_table":14,"minecraft:leave_game":1,"minecraft:time_since_death":5591,"minecraft:sleep_in_bed":1,"minecraft:time_since_rest":5617,"minecraft:sprint_one_cm":87114,"minecraft:damage_absorbed":40,"minecraft:damage_taken":834,"minecraft:walk_one_cm":90506,"minecraft:drop":17,"minecraft:damage_dealt":1861,"minecraft:swim_one_cm":1131,"minecraft:player_kills":1,"minecraft:fly_one_cm":55282,"minecraft:crouch_one_cm":752,"minecraft:play_time":27702,"minecraft:deaths":2,"minecraft:sneak_time":225,"minecraft:walk_under_water_one_cm":1285,"minecraft:jump":383,"minecraft:walk_on_water_one_cm":529,"minecraft:total_world_time":27702,"minecraft:fall_one_cm":14283},"minecraft:picked_up":{"minecraft:birch_log":1,"minecraft:crafting_table":1,"minecraft:enchanted_book":1,"minecraft:tuff":13,"minecraft:oak_log":4,"farmersdelight:skillet":1,"minecraft:lapis_lazuli":28,"minecraft:string":27,"minecraft:dirt":18,"minecraft:raw_copper":10,"minecraft:iron_leggings":1,"minecraft:bone":4,"minecraft:activator_rail":3,"minecraft:cobbled_deepslate":30,"minecraft:iron_ingot":8,"minecraft:stone_pickaxe":1,"minecraft:iron_pickaxe":1,"minecraft:iron_sword":1,"minecraft:oak_planks":6,"farmersdelight:cabbage_seeds":4,"minecraft:iron_boots":1,"minecraft:furnace":1,"minecraft:stick":1,"minecraft:raw_iron":94,"minecraft:torch":26,"minecraft:amethyst_shard":8,"farmersdelight:tomato_seeds":2,"minecraft:pointed_dripstone":18,"minecraft:redstone":54,"minecraft:arrow":8,"minecraft:rotten_flesh":2,"minecraft:diamond":2,"minecraft:granite":1,"farmersdelight:rope":8,"minecraft:gold_ingot":4,"minecraft:mutton":2,"minecraft:coal":9,"minecraft:white_wool":2,"minecraft:rail":79,"minecraft:cobblestone":36},"minecraft:used":{"farmersdelight:skillet":15,"minecraft:stone_pickaxe":114,"minecraft:wooden_pickaxe":6,"minecraft:iron_sword":40,"minecraft:rotten_flesh":1,"minecraft:torch":7,"minecraft:golden_apple":1,"minecraft:dirt":18,"minecraft:mutton":2,"minecraft:crafting_table":2,"minecraft:white_bed":1,"minecraft:tuff":8,"minecraft:granite":1,"minecraft:bread":2,"minecraft:iron_pickaxe":84,"minecraft:iron_boots":1,"minecraft:cobblestone":25,"minecraft:furnace":1,"minecraft:cobbled_deepslate":24}},"DataVersion":3465}