{"stats":{"minecraft:killed":{"minecraft:skeleton":1,"minecraft:spider":1,"minecraft:player":1},"minecraft:killed_by":{"minecraft:player":1},"minecraft:custom":{"minecraft:time_since_rest":1171,"minecraft:deaths":1,"minecraft:crouch_one_cm":81,"minecraft:play_time":8514,"minecraft:sprint_one_cm":15130,"minecraft:damage_taken":385,"minecraft:walk_one_cm":21616,"minecraft:sneak_time":7,"minecraft:mob_kills":2,"minecraft:jump":83,"minecraft:damage_dealt":559,"minecraft:time_since_death":1142,"minecraft:walk_on_water_one_cm":2876,"minecraft:total_world_time":8514,"minecraft:fall_one_cm":418,"minecraft:fly_one_cm":11532,"minecraft:player_kills":1},"minecraft:picked_up":{"minecraft:crafting_table":1,"minecraft:bone":2,"minecraft:arrow":1,"minecraft:gray_wool":1,"minecraft:oak_log":2,"minecraft:mutton":2,"minecraft:oak_planks":6,"minecraft:string":4}},"DataVersion":3465}