{"stats":{"minecraft:dropped":{"minecraft:diamond":2},"minecraft:crafted":{"minecraft:oak_planks":12,"minecraft:crafting_table":2,"minecraft:wooden_pickaxe":3,"minecraft:birch_planks":16,"minecraft:stick":12,"minecraft:stone_pickaxe":1,"minecraft:wooden_axe":2,"minecraft:stone_sword":1},"minecraft:mined":{"minecraft:tuff":3,"minecraft:crafting_table":5,"minecraft:torch":1,"minecraft:allium":1,"minecraft:grass_block":1,"minecraft:cobblestone":6,"farmersdelight:wild_onions":13,"minecraft:birch_log":2,"minecraft:iron_ore":11,"minecraft:bee_nest":1,"minecraft:grass":2,"minecraft:oak_log":7,"minecraft:coal_ore":7,"minecraft:deepslate_iron_ore":32,"minecraft:dripstone_block":1,"minecraft:stone":33,"minecraft:oak_leaves":7,"minecraft:deepslate":2},"minecraft:killed":{"minecraft:pig":5,"minecraft:witch":1,"minecraft:spider":3,"minecraft:creeper":3,"minecraft:skeleton":3,"minecraft:sheep":3,"minecraft:zombie":7,"minecraft:bee":2,"minecraft:chicken":1,"minecraft:player":1},"minecraft:broken":{"minecraft:wooden_axe":1},"minecraft:killed_by":{"minecraft:player":1,"minecraft:creeper":1},"minecraft:custom":{"minecraft:mob_kills":28,"minecraft:interact_with_crafting_table":10,"minecraft:time_since_death":6854,"minecraft:time_since_rest":6911,"minecraft:sprint_one_cm":88931,"minecraft:damage_taken":965,"minecraft:walk_one_cm":146544,"minecraft:drop":2,"minecraft:damage_dealt":4673,"minecraft:fly_one_cm":54779,"minecraft:player_kills":1,"minecraft:crouch_one_cm":4522,"minecraft:play_time":32514,"minecraft:deaths":3,"minecraft:sneak_time":1487,"minecraft:walk_under_water_one_cm":1188,"minecraft:jump":456,"minecraft:walk_on_water_one_cm":6493,"minecraft:total_world_time":32514,"minecraft:fall_one_cm":7654},"minecraft:picked_up":{"minecraft:birch_log":4,"minecraft:crafting_table":6,"minecraft:allium":23,"minecraft:feather":1,"minecraft:chicken":1,"minecraft:tuff":3,"minecraft:oak_log":9,"minecraft:gunpowder":4,"minecraft:lapis_lazuli":7,"minecraft:dirt":1,"minecraft:string":6,"minecraft:bone":2,"minecraft:apple":1,"minecraft:cobbled_deepslate":2,"minecraft:oak_planks":6,"minecraft:egg":3,"minecraft:stick":4,"minecraft:raw_iron":43,"minecraft:torch":1,"minecraft:dripstone_block":1,"minecraft:porkchop":11,"minecraft:spider_eye":1,"minecraft:arrow":2,"minecraft:rotten_flesh":10,"minecraft:diamond":2,"farmersdelight:onion":13,"minecraft:gray_wool":1,"minecraft:oak_sapling":1,"minecraft:mutton":7,"minecraft:coal":4,"minecraft:rail":3,"minecraft:white_wool":3,"minecraft:cobblestone":41},"minecraft:used":{"minecraft:stone_sword":21,"minecraft:stone_pickaxe":90,"minecraft:wooden_pickaxe":18,"minecraft:rotten_flesh":4,"farmersdelight:onion":1,"minecraft:mutton":3,"minecraft:crafting_table":6,"minecraft:allium":23,"minecraft:wooden_axe":49,"minecraft:cobblestone":22,"minecraft:porkchop":2,"minecraft:egg":2}},"DataVersion":3465}