{"stats":{"minecraft:dropped":{"minecraft:diamond":2},"minecraft:crafted":{"minecraft:oak_planks":12,"minecraft:crafting_table":1,"minecraft:stick":10,"minecraft:wooden_pickaxe":2,"minecraft:stone_pickaxe":1,"minecraft:stone_sword":1},"minecraft:mined":{"minecraft:tuff":3,"minecraft:iron_ore":11,"minecraft:crafting_table":3,"minecraft:coal_ore":7,"minecraft:grass_block":1,"minecraft:oak_log":3,"minecraft:deepslate_iron_ore":24,"minecraft:dripstone_block":1,"minecraft:stone":33,"minecraft:oak_leaves":2},"minecraft:killed":{"minecraft:skeleton":1,"minecraft:zombie":2,"minecraft:spider":1,"minecraft:player":1},"minecraft:killed_by":{"minecraft:player":1,"minecraft:creeper":1},"minecraft:custom":{"minecraft:time_since_rest":10088,"minecraft:sprint_one_cm":44988,"minecraft:damage_taken":600,"minecraft:walk_one_cm":63924,"minecraft:mob_kills":4,"minecraft:drop":2,"minecraft:damage_dealt":1023,"minecraft:player_kills":1,"minecraft:fly_one_cm":28723,"minecraft:interact_with_crafting_table":5,"minecraft:crouch_one_cm":3530,"minecraft:play_time":20514,"minecraft:deaths":2,"minecraft:sneak_time":905,"minecraft:walk_under_water_one_cm":58,"minecraft:jump":248,"minecraft:walk_on_water_one_cm":4886,"minecraft:time_since_death":10063,"minecraft:total_world_time":20514,"minecraft:fall_one_cm":3977},"minecraft:picked_up":{"minecraft:raw_iron":34,"minecraft:crafting_table":4,"minecraft:dripstone_block":1,"minecraft:tuff":3,"minecraft:oak_log":5,"minecraft:string":4,"minecraft:dirt":1,"minecraft:arrow":1,"minecraft:bone":2,"minecraft:rotten_flesh":4,"minecraft:apple":1,"minecraft:diamond":2,"minecraft:gray_wool":1,"minecraft:mutton":2,"minecraft:oak_planks":6,"minecraft:coal":4,"minecraft:rail":3,"minecraft:cobblestone":35},"minecraft:used":{"minecraft:stone_sword":9,"minecraft:stone_pickaxe":73,"minecraft:wooden_pickaxe":8,"minecraft:cobblestone":6,"minecraft:crafting_table":4}},"DataVersion":3465}