{"stats":{"minecraft:dropped":{"minecraft:diamond":2,"minecraft:rail":1},"minecraft:crafted":{"minecraft:wooden_sword":1,"minecraft:oak_planks":72,"minecraft:shield":1,"minecraft:iron_axe":1,"minecraft:crafting_table":2,"minecraft:stick":16,"minecraft:iron_pickaxe":1,"minecraft:iron_ingot":8,"minecraft:wooden_pickaxe":1,"minecraft:stone_pickaxe":1,"minecraft:wooden_axe":1,"minecraft:furnace":1,"minecraft:air":0},"minecraft:mined":{"minecraft:furnace":1,"minecraft:iron_ore":15,"minecraft:andesite":6,"minecraft:birch_leaves":1,"minecraft:crafting_table":3,"minecraft:granite":1,"minecraft:grass":1,"minecraft:coal_ore":26,"minecraft:grass_block":2,"minecraft:oak_log":16,"minecraft:dripstone_block":3,"minecraft:dirt":1,"minecraft:lapis_ore":1,"minecraft:stone":19,"minecraft:oak_planks":1,"minecraft:oak_leaves":2},"minecraft:killed":{"minecraft:zombie":1,"minecraft:spider":2,"minecraft:player":1},"minecraft:killed_by":{"minecraft:player":1},"minecraft:custom":{"minecraft:time_since_rest":12681,"minecraft:interact_with_furnace":11,"minecraft:sprint_one_cm":64112,"minecraft:damage_taken":386,"minecraft:walk_one_cm":43982,"minecraft:mob_kills":3,"minecraft:drop":3,"minecraft:damage_dealt":805,"minecraft:fly_one_cm":43862,"minecraft:swim_one_cm":3762,"minecraft:interact_with_crafting_table":8,"minecraft:player_kills":1,"minecraft:crouch_one_cm":7730,"minecraft:play_time":51604,"minecraft:deaths":1,"minecraft:sneak_time":2447,"minecraft:walk_under_water_one_cm":1830,"minecraft:jump":319,"minecraft:leave_game":1,"minecraft:walk_on_water_one_cm":678,"minecraft:time_since_death":12657,"minecraft:total_world_time":51604,"minecraft:fall_one_cm":12785},"minecraft:picked_up":{"minecraft:raw_iron":15,"minecraft:crafting_table":3,"minecraft:andesite":6,"minecraft:dripstone_block":3,"minecraft:oak_log":18,"minecraft:spider_eye":1,"minecraft:lapis_lazuli":7,"minecraft:dirt":22,"minecraft:string":4,"minecraft:diamond":2,"minecraft:wheat_seeds":1,"minecraft:granite":1,"minecraft:bread":2,"minecraft:oak_sapling":2,"minecraft:birch_sapling":1,"minecraft:oak_planks":1,"minecraft:coal":56,"minecraft:rail":1,"minecraft:cobblestone":16,"minecraft:furnace":1},"minecraft:used":{"minecraft:wooden_axe":14,"minecraft:iron_axe":7,"minecraft:bread":2,"minecraft:stone_pickaxe":28,"minecraft:iron_pickaxe":40,"minecraft:oak_planks":9,"minecraft:wooden_pickaxe":4,"minecraft:wooden_sword":9,"minecraft:dirt":5,"minecraft:cobblestone":3,"minecraft:crafting_table":3,"minecraft:furnace":1,"minecraft:andesite":6,"minecraft:dripstone_block":3,"minecraft:granite":1}},"DataVersion":3465}