{"stats":{"minecraft:mined":{"minecraft:birch_leaves":1,"minecraft:oak_leaves":2},"minecraft:custom":{"minecraft:jump":99,"minecraft:time_since_rest":27604,"minecraft:crouch_one_cm":673,"minecraft:leave_game":1,"minecraft:sprint_one_cm":8058,"minecraft:play_time":27604,"minecraft:damage_taken":20,"minecraft:time_since_death":27604,"minecraft:walk_one_cm":8148,"minecraft:sneak_time":106,"minecraft:total_world_time":27604,"minecraft:fall_one_cm":5677,"minecraft:fly_one_cm":14000},"minecraft:picked_up":{"minecraft:oak_sapling":1}},"DataVersion":3465}