{"stats":{"minecraft:dropped":{"minecraft:cobbled_deepslate":10,"minecraft:diamond":2,"minecraft:rail":1},"minecraft:crafted":{"minecraft:wooden_sword":1,"minecraft:oak_planks":72,"minecraft:crafting_table":2,"minecraft:iron_helmet":1,"minecraft:wooden_pickaxe":1,"minecraft:iron_sword":1,"minecraft:furnace":1,"minecraft:air":0,"minecraft:iron_boots":1,"minecraft:iron_chestplate":1,"minecraft:shield":1,"minecraft:iron_axe":1,"minecraft:stick":20,"minecraft:iron_ingot":30,"minecraft:iron_pickaxe":1,"minecraft:stone_pickaxe":1,"minecraft:wooden_axe":1,"minecraft:torch":4},"minecraft:mined":{"minecraft:tuff":7,"minecraft:deepslate_diamond_ore":5,"minecraft:crafting_table":3,"minecraft:granite":1,"minecraft:grass_block":2,"minecraft:lapis_ore":1,"minecraft:oak_planks":1,"minecraft:furnace":1,"minecraft:iron_ore":15,"minecraft:birch_leaves":1,"minecraft:andesite":6,"minecraft:grass":1,"minecraft:oak_log":16,"minecraft:coal_ore":26,"minecraft:deepslate_iron_ore":39,"minecraft:dripstone_block":3,"minecraft:dirt":1,"minecraft:stone":19,"minecraft:oak_leaves":2,"minecraft:deepslate":9},"minecraft:killed":{"minecraft:spider":3,"minecraft:skeleton":4,"minecraft:zombie":4,"minecraft:glow_squid":4,"minecraft:player":1},"minecraft:killed_by":{"minecraft:player":1},"minecraft:custom":{"minecraft:interact_with_furnace":25,"minecraft:mob_kills":16,"minecraft:interact_with_crafting_table":16,"minecraft:leave_game":1,"minecraft:time_since_death":24657,"minecraft:time_since_rest":24681,"minecraft:sprint_one_cm":101693,"minecraft:damage_taken":476,"minecraft:walk_one_cm":61895,"minecraft:damage_blocked_by_shield":415,"minecraft:drop":4,"minecraft:damage_dealt":3003,"minecraft:player_kills":1,"minecraft:swim_one_cm":6075,"minecraft:fly_one_cm":120196,"minecraft:crouch_one_cm":14935,"minecraft:play_time":63604,"minecraft:deaths":1,"minecraft:sneak_time":4557,"minecraft:walk_under_water_one_cm":5209,"minecraft:jump":726,"minecraft:walk_on_water_one_cm":2829,"minecraft:total_world_time":63604,"minecraft:fall_one_cm":28268},"minecraft:picked_up":{"minecraft:crafting_table":3,"minecraft:glow_ink_sac":11,"minecraft:andesite":6,"minecraft:tuff":7,"minecraft:oak_log":18,"minecraft:lapis_lazuli":7,"minecraft:string":5,"minecraft:dirt":22,"minecraft:bone":8,"minecraft:wheat_seeds":1,"minecraft:cobbled_deepslate":19,"minecraft:birch_sapling":1,"minecraft:oak_planks":1,"minecraft:furnace":1,"minecraft:raw_iron":54,"minecraft:gravel":2,"minecraft:dripstone_block":3,"minecraft:spider_eye":1,"minecraft:arrow":3,"minecraft:rotten_flesh":2,"minecraft:diamond":7,"minecraft:granite":1,"minecraft:bread":2,"minecraft:oak_sapling":2,"minecraft:coal":56,"minecraft:rail":1,"minecraft:cobblestone":16},"minecraft:used":{"minecraft:stone_pickaxe":28,"minecraft:oak_planks":22,"minecraft:shield":7,"minecraft:wooden_pickaxe":4,"minecraft:iron_sword":20,"minecraft:rotten_flesh":2,"minecraft:iron_chestplate":1,"minecraft:torch":4,"minecraft:dirt":5,"minecraft:crafting_table":4,"minecraft:dripstone_block":3,"minecraft:tuff":7,"minecraft:granite":1,"minecraft:wooden_axe":14,"minecraft:iron_axe":21,"minecraft:bread":2,"minecraft:iron_pickaxe":100,"minecraft:iron_helmet":1,"minecraft:iron_boots":1,"minecraft:gravel":2,"minecraft:wooden_sword":9,"minecraft:cobblestone":5,"minecraft:furnace":2,"minecraft:cooked_porkchop":3,"minecraft:andesite":6,"minecraft:cobbled_deepslate":9}},"DataVersion":3465}