{"stats":{"minecraft:crafted":{"minecraft:oak_planks":28,"minecraft:crafting_table":2,"minecraft:stick":12},"minecraft:mined":{"minecraft:grass_block":2,"minecraft:oak_log":5,"minecraft:dirt":1,"minecraft:birch_leaves":1,"minecraft:oak_leaves":2},"minecraft:killed":{"minecraft:player":1},"minecraft:killed_by":{"minecraft:player":1},"minecraft:custom":{"minecraft:time_since_rest":681,"minecraft:deaths":1,"minecraft:crouch_one_cm":1266,"minecraft:play_time":39604,"minecraft:sprint_one_cm":16343,"minecraft:damage_taken":231,"minecraft:walk_one_cm":22228,"minecraft:sneak_time":235,"minecraft:walk_under_water_one_cm":451,"minecraft:jump":147,"minecraft:damage_dealt":180,"minecraft:leave_game":1,"minecraft:time_since_death":657,"minecraft:walk_on_water_one_cm":630,"minecraft:total_world_time":39604,"minecraft:interact_with_crafting_table":1,"minecraft:swim_one_cm":2110,"minecraft:player_kills":1,"minecraft:fall_one_cm":7301,"minecraft:fly_one_cm":19926},"minecraft:picked_up":{"minecraft:oak_log":7,"minecraft:oak_sapling":2,"minecraft:birch_sapling":1,"minecraft:string":2,"minecraft:dirt":22},"minecraft:used":{"minecraft:dirt":5,"minecraft:crafting_table":1}},"DataVersion":3465}